dataset,representation,encoding,model,combination,test_ci_mean,test_ci_std
CHEMBL2147_Ki,ecfp,ecfp,xgboost,137,0.6853833294861442,0.10885655435231154
CHEMBL214_Ki,ecfp,ecfp,xgboost,33,0.6231211108493062,0.06493896351750619
CHEMBL233_Ki,ecfp,ecfp,xgboost,129,0.63648991644142,0.0928443095978887
CHEMBL234_Ki,ecfp,ecfp,xgboost,123,0.6241530168049164,0.07547439220582429
CHEMBL287_Ki,ecfp,ecfp,xgboost,86,0.637904798715544,0.03689185489112362
