dataset,representation,encoding,model,combination,test_bacc_mean,test_bacc_std
DRD3,ecfp,ecfp,xgboost_balanced,130,0.8094666666666667,0.03526004978883484
FEN1,ecfp,ecfp,xgboost_balanced,127,0.5850666666666666,0.012772192015816601
MAP4K2,ecfp,ecfp,xgboost_balanced,111,0.7110666666666666,0.009019485080153475
PIN1,ecfp,ecfp,xgboost_balanced,143,0.6010666666666667,0.014345576166733622
VDR,ecfp,ecfp,xgboost_balanced,143,0.5537333333333333,0.012526239126995256
