dataset,representation,encoding,model,combination,test_bacc_mean,test_bacc_std
DRD3,ecfp,ecfp,xgboost_balanced,135,0.7510666666666667,0.01700509727503297
FEN1,ecfp,ecfp,xgboost_balanced,143,0.5846666666666667,0.027642157818970798
MAP4K2,ecfp,ecfp,xgboost_balanced,135,0.7142666666666667,0.021842262805040244
PIN1,ecfp,ecfp,xgboost_balanced,111,0.5685333333333333,0.018181309083781603
VDR,ecfp,ecfp,xgboost_balanced,143,0.5669333333333333,0.019833081230890785
